22056065,2023-12-03
22072540,2023-12-04
22086836,2023-12-05
22263258,2023-12-06
22360720,2023-12-07
22405115,2023-12-08
22538532,2023-12-10
22581991,2023-12-11
22606848,2023-12-12
22702597,2023-12-13
22730991,2023-12-14
22749697,2023-12-15
22766209,2023-12-16
22901831,2023-12-17
22936520,2023-12-18
23007339,2023-12-19
23010782,2023-12-20
23213523,2023-12-21
23268431,2023-12-22
23334444,2023-12-23
23358695,2023-12-24
23375896,2023-12-25
23390272,2023-12-26
23403784,2023-12-27
23415904,2023-12-28
23426323,2023-12-29
23437691,2023-12-30
23447116,2023-12-31
23632839,2024-01-01
23735582,2024-01-02
23831327,2024-01-03
23906381,2024-01-04
23967558,2024-01-05
24025310,2024-01-06
24082037,2024-01-07
24135699,2024-01-08
24182230,2024-01-09
24218827,2024-01-10
24269236,2024-01-11
24335216,2024-01-12
24392040,2024-01-13
24443589,2024-01-14
24493372,2024-01-15
24532998,2024-01-16
24567147,2024-01-17
24629738,2024-01-18
24684781,2024-01-19
24736823,2024-01-20
24786581,2024-01-21
24833259,2024-01-22
24877966,2024-01-23
24902178,2024-01-24
24954720,2024-01-25
24990583,2024-01-26
25042186,2024-01-27
25093546,2024-01-28
25135964,2024-01-29
25153172,2024-01-30
25197207,2024-01-31
25256406,2024-02-01
25309559,2024-02-02
25356487,2024-02-03
25402525,2024-02-04
25436013,2024-02-05
25451293,2024-02-06
25508488,2024-02-07
25557016,2024-02-08
25602408,2024-02-09
25650492,2024-02-10
25686200,2024-02-11
25702866,2024-02-12
25716669,2024-02-13
25779812,2024-02-14
25833395,2024-02-15
25852897,2024-02-16
25924512,2024-02-17
25978652,2024-02-18
26007514,2024-02-19
26030733,2024-02-20
26050122,2024-02-21
26116098,2024-02-22
26167813,2024-02-23
26214473,2024-02-24
26261742,2024-02-25
26303940,2024-02-26
26343819,2024-02-27
26360552,2024-02-28
26404288,2024-02-29
26421381,2024-03-01
26451320,2024-03-02
26463691,2024-03-03
26476128,2024-03-04
26562841,2024-03-05
26623360,2024-03-06
26671636,2024-03-07
26716309,2024-03-08
26740425,2024-03-09
26820326,2024-03-10
26857111,2024-03-11
26890000,2024-03-12
26906305,2024-03-13
26954392,2024-03-14
27003048,2024-03-15
27028782,2024-03-16
27042674,2024-03-17
27052788,2024-03-18
27103722,2024-03-19
27172193,2024-03-20
27215962,2024-03-21
27258238,2024-03-22
27299732,2024-03-23
27341792,2024-03-24
27378709,2024-03-25
27414752,2024-03-26
27452206,2024-03-27
27491769,2024-03-28
27525141,2024-03-29
27554289,2024-03-30
27600116,2024-03-31
27641206,2024-04-01
27673405,2024-04-02
27724813,2024-04-03
27781170,2024-04-04
27793168,2024-04-05
27801498,2024-04-06
27809398,2024-04-07
27815968,2024-04-08
27823033,2024-04-09
27830736,2024-04-10
27836497,2024-04-11
27962559,2024-04-12
28032447,2024-04-13
28079427,2024-04-14
28123543,2024-04-15
28168061,2024-04-16
28206287,2024-04-17
28242876,2024-04-18
28279825,2024-04-19
28316638,2024-04-20
28351686,2024-04-21
28384826,2024-04-22
28418790,2024-04-23
28451242,2024-04-24
28484272,2024-04-25
28522148,2024-04-26
28536985,2024-04-27
28547293,2024-04-28
28554457,2024-04-29
28586614,2024-04-30
28655620,2024-05-01
28697589,2024-05-02
28727088,2024-05-03
28739675,2024-05-04
28796587,2024-05-05
28835645,2024-05-06
28868835,2024-05-07
28904493,2024-05-08
28937371,2024-05-09
28971120,2024-05-10
29004204,2024-05-11
29037183,2024-05-12
29068213,2024-05-13
29097583,2024-05-14
29128433,2024-05-15
29162544,2024-05-16
29199170,2024-05-17
29225770,2024-05-18
29264338,2024-05-19
29297496,2024-05-20
29328824,2024-05-21
29358590,2024-05-22
29382042,2024-05-23
29423753,2024-05-24
29459861,2024-05-25
29493870,2024-05-26
29526757,2024-05-27
29556879,2024-05-28
29568152,2024-05-29
29613255,2024-05-30
29653244,2024-05-31
29690611,2024-06-01
29725063,2024-06-02
29757906,2024-06-03
29789449,2024-06-04
29819448,2024-06-05
30456935,2024-06-06
30586354,2024-06-07
30749740,2024-06-08
30857946,2024-06-09
30955969,2024-06-10
31041355,2024-06-11
31132853,2024-06-12
31208716,2024-06-13
31281757,2024-06-14
31340194,2024-06-15
31406234,2024-06-16
31548568,2024-06-17
31658243,2024-06-18
31748592,2024-06-19
31844444,2024-06-20
31941504,2024-06-21
32038989,2024-06-22
32135513,2024-06-23
32227495,2024-06-24
32321384,2024-06-25
32394899,2024-06-26
32506258,2024-06-27
32609149,2024-06-28
32710771,2024-06-29
32779012,2024-06-30
32884747,2024-07-01
32939510,2024-07-02
32996170,2024-07-03
33062139,2024-07-04
33124580,2024-07-05
33185820,2024-07-06
33250942,2024-07-07
33331048,2024-07-08
33405572,2024-07-09
33474575,2024-07-10
33531283,2024-07-11
33629806,2024-07-12
33710766,2024-07-13
33792961,2024-07-14
33875285,2024-07-15
33962124,2024-07-16
34034719,2024-07-17
34105301,2024-07-18
34181863,2024-07-19
34264285,2024-07-20
34347577,2024-07-21
34425984,2024-07-22
34495426,2024-07-23
34576848,2024-07-24
34660819,2024-07-25
34735922,2024-07-26
34796220,2024-07-27
34900708,2024-07-28
34993382,2024-07-29
35075945,2024-07-30
35156996,2024-07-31
35237608,2024-08-01
35559317,2024-08-02
35764644,2024-08-03
35952694,2024-08-04
36125375,2024-08-05
36282460,2024-08-06
36429531,2024-08-07
36581562,2024-08-08
36707756,2024-08-09
36794017,2024-08-10
36826038,2024-08-11
37037166,2024-08-12
37181305,2024-08-13
37313093,2024-08-14
37449647,2024-08-15
37576639,2024-08-16
37678519,2024-08-17
37823040,2024-08-18
37936459,2024-08-19
38041913,2024-08-20
38144867,2024-08-21
38235385,2024-08-22
38303439,2024-08-23
38378100,2024-08-24
38470138,2024-08-25
38559777,2024-08-26
38644722,2024-08-27
38732391,2024-08-28
38816860,2024-08-29
38894287,2024-08-30
38969749,2024-08-31
39042299,2024-09-01
39116072,2024-09-02
39186422,2024-09-03
39253264,2024-09-04
39521363,2024-09-05
39670973,2024-09-06
39806064,2024-09-07
39907501,2024-09-08
40005756,2024-09-09
40102900,2024-09-10
40188001,2024-09-11
40254401,2024-09-12
40352045,2024-09-13
40426620,2024-09-14
40474031,2024-09-15
40562213,2024-09-16
40620527,2024-09-17
40679907,2024-09-18
40770140,2024-09-19
40818031,2024-09-20
40858516,2024-09-21
40952485,2024-09-22
41023209,2024-09-23
41072061,2024-09-24
41131567,2024-09-25
41202075,2024-09-26
41273271,2024-09-27
41341584,2024-09-28
41416124,2024-09-29
41479161,2024-09-30
41544028,2024-10-01
41610294,2024-10-02
41670664,2024-10-03
41715700,2024-10-04
41777070,2024-10-05
41845225,2024-10-06
41908808,2024-10-07
41947132,2024-10-08
42009813,2024-10-09
42060175,2024-10-10
42120664,2024-10-11
42165055,2024-10-12
42218609,2024-10-13
42272407,2024-10-14
42311325,2024-10-15
42348486,2024-10-16
42424608,2024-10-17
42482231,2024-10-18
42537608,2024-10-19
42592465,2024-10-20
42635046,2024-10-21
42685267,2024-10-22
42740815,2024-10-23
42794271,2024-10-24
42850835,2024-10-25
42883454,2024-10-26
42946228,2024-10-27
42990543,2024-10-28
43040090,2024-10-29
43095264,2024-10-30
43120487,2024-10-31
43191904,2024-11-01
43250614,2024-11-02
43304350,2024-11-03
43348578,2024-11-04
43396272,2024-11-05
43433894,2024-11-06
43496601,2024-11-07
43550230,2024-11-08
43595971,2024-11-09
43623945,2024-11-10
43637670,2024-11-11
43666371,2024-11-12
43683429,2024-11-13
43708004,2024-11-14
43737222,2024-11-15
43761123,2024-11-16
43786784,2024-11-17
43811168,2024-11-18
43834269,2024-11-19
44001341,2024-11-20
44086158,2024-11-21
44161602,2024-11-22
44229481,2024-11-23
44290300,2024-11-24
44345187,2024-11-25
44356821,2024-11-26
44425007,2024-11-27
44488173,2024-11-28
44546559,2024-11-29
44596081,2024-11-30
44651092,2024-12-01
44704200,2024-12-02
44748632,2024-12-03
44791757,2024-12-04
44836907,2024-12-05
44875842,2024-12-06
44934610,2024-12-07
44948012,2024-12-08
44959909,2024-12-09
44979712,2024-12-10
45002534,2024-12-11
45020452,2024-12-12
45026351,2024-12-13
45033194,2024-12-14
45037388,2024-12-15
45086960,2024-12-17
45118958,2024-12-18
45146970,2024-12-19
45387719,2024-12-20
45501249,2024-12-21
45579772,2024-12-22
45618875,2024-12-23
45700400,2024-12-24
45770956,2024-12-25
45826411,2024-12-26
45887460,2024-12-27
45944248,2024-12-28
45996720,2024-12-29
46060863,2024-12-30
46112912,2024-12-31
46161682,2025-01-01
46208454,2025-01-02
46256689,2025-01-03
46293397,2025-01-04
46343474,2025-01-05
46394105,2025-01-06
46448011,2025-01-07
46479285,2025-01-08
46546828,2025-01-09
46613853,2025-01-10
46667161,2025-01-11
46708851,2025-01-12
46761962,2025-01-13
46792585,2025-01-14
46851274,2025-01-15
46922511,2025-01-16
47008259,2025-01-17
47068330,2025-01-18
47087614,2025-01-19
47154249,2025-01-20
47215955,2025-01-21
47276266,2025-01-22
47351109,2025-01-23
47400931,2025-01-24
47477487,2025-01-25
47555658,2025-01-26
47605863,2025-01-27
47648367,2025-01-28
47688647,2025-01-29
47718296,2025-01-30
47772291,2025-01-31
47815364,2025-02-01
47856993,2025-02-02
47896603,2025-02-03
