677728,2024-12-26
677859,2024-12-28
1120081,2024-12-29
1219522,2024-12-30
1357725,2024-12-31
1636972,2025-01-01
1808623,2025-01-02
1932723,2025-01-03
2033073,2025-01-04
2109800,2025-01-05
2186624,2025-01-06
2280806,2025-01-07
2357663,2025-01-08
2431052,2025-01-09
2501706,2025-01-10
2525083,2025-01-11
2544644,2025-01-12
2563513,2025-01-13
2582321,2025-01-14
2598889,2025-01-15
2620801,2025-01-16
2638701,2025-01-17
2654286,2025-01-18
2667539,2025-01-19
2682316,2025-01-20
2700202,2025-01-21
2714261,2025-01-22
2731041,2025-01-23
2745595,2025-01-24
2757442,2025-01-25
2777318,2025-01-26
2789858,2025-01-27
2800477,2025-01-28
2813708,2025-01-29
2822729,2025-01-30
2831630,2025-01-31
2839897,2025-02-01
2851533,2025-02-02
2859557,2025-02-03
2860903,2025-02-04
